Timestamp,Temperature_C,Humidity_Percent,IT_Load_kW,Total_Power_kW,Cooling_Power_kW,PUE
2026-09-01 00:00:00,22.49,40.55,124.49,165.82,33.82,1.332
2026-09-01 01:00:00,29.41,51.26,121.99,171.3,43.11,1.404
2026-09-01 02:00:00,26.78,61.19,234.06,293.18,48.27,1.253
2026-09-01 03:00:00,25.18,56.97,122.42,169.95,32.84,1.388
2026-09-01 04:00:00,19.87,59.2,126.23,165.34,30.33,1.31
2026-09-01 05:00:00,19.87,54.76,209.1,249.78,35.06,1.195
2026-09-01 06:00:00,18.7,55.77,156.46,192.67,27.82,1.231
2026-09-01 07:00:00,28.39,60.48,212.04,269.94,47.84,1.273
2026-09-01 08:00:00,25.21,42.49,91.11,127.29,29.56,1.397
2026-09-01 09:00:00,26.5,49.68,162.89,216.06,41.59,1.326
2026-09-01 10:00:00,18.25,41.64,85.71,120.86,20.17,1.41
2026-09-01 11:00:00,29.64,64.63,90.65,137.17,37.01,1.513
2026-09-01 12:00:00,27.99,63.32,234.09,288.31,45.67,1.232
2026-09-01 13:00:00,20.55,36.18,103.67,142.02,29.34,1.37
2026-09-01 14:00:00,20.18,56.17,170.51,207.32,30.66,1.216
2026-09-01 15:00:00,20.2,62.76,149.89,197.08,33.36,1.315
2026-09-01 16:00:00,21.65,40.42,139.05,178.73,30.53,1.285
2026-09-01 17:00:00,24.3,52.04,232.97,281.51,39.67,1.208
2026-09-01 18:00:00,23.18,62.46,83.71,122.55,27.24,1.464
2026-09-01 19:00:00,21.49,36.02,192.84,240.41,38.14,1.247
2026-09-01 20:00:00,25.34,55.92,243.78,300.46,45.2,1.233
2026-09-01 21:00:00,19.67,43.92,175.23,211.28,30.43,1.206
2026-09-01 22:00:00,21.51,62.73,239.26,292.12,39.72,1.221
2026-09-01 23:00:00,22.4,64.13,88.88,133.0,29.71,1.496
2026-09-02 00:00:00,23.47,63.33,151.19,200.22,37.54,1.324
2026-09-02 01:00:00,27.42,49.23,124.23,180.74,41.97,1.455
2026-09-02 02:00:00,20.4,60.86,204.24,244.97,34.21,1.199
2026-09-02 03:00:00,24.17,60.34,246.82,297.94,41.35,1.207
2026-09-02 04:00:00,25.11,44.57,123.61,169.35,34.73,1.37
2026-09-02 05:00:00,18.56,59.87,191.21,233.68,31.65,1.222
2026-09-02 06:00:00,25.29,36.11,113.68,155.79,33.1,1.37
2026-09-02 07:00:00,20.05,52.89,176.11,214.73,30.24,1.219
2026-09-02 08:00:00,18.78,41.9,158.87,194.7,29.57,1.226
2026-09-02 09:00:00,29.39,38.62,245.24,305.76,51.6,1.247
2026-09-02 10:00:00,29.59,37.31,183.45,237.2,47.12,1.293
2026-09-02 11:00:00,27.7,55.89,139.42,190.95,39.19,1.37
2026-09-02 12:00:00,21.66,45.2,99.4,134.46,27.97,1.353
2026-09-02 13:00:00,19.17,56.74,105.71,134.66,23.37,1.274
2026-09-02 14:00:00,26.21,36.96,118.3,167.39,38.56,1.415
2026-09-02 15:00:00,23.28,44.46,122.66,168.42,34.81,1.373
2026-09-02 16:00:00,19.46,51.18,224.6,269.8,31.47,1.201
2026-09-02 17:00:00,23.94,58.72,175.41,222.26,36.09,1.267
2026-09-02 18:00:00,18.41,44.56,168.98,203.58,26.14,1.205
2026-09-02 19:00:00,28.91,53.78,99.51,150.57,38.03,1.513
2026-09-02 20:00:00,21.11,61.58,226.22,274.22,37.59,1.212
2026-09-02 21:00:00,25.95,53.48,202.88,248.93,40.26,1.227
2026-09-02 22:00:00,21.74,41.99,91.5,128.25,26.09,1.402
2026-09-02 23:00:00,24.24,35.73,200.33,252.79,38.38,1.262
2026-09-03 00:00:00,24.56,61.1,172.4,220.41,39.05,1.278
2026-09-03 01:00:00,20.22,35.64,93.89,127.83,25.98,1.361
2026-09-03 02:00:00,29.64,61.24,157.91,207.99,43.64,1.317
2026-09-03 03:00:00,27.3,50.87,162.4,211.21,42.3,1.301
2026-09-03 04:00:00,29.27,63.17,108.18,156.98,39.47,1.451
2026-09-03 05:00:00,28.74,58.96,240.77,301.55,49.83,1.252
2026-09-03 06:00:00,25.17,64.94,224.5,277.37,47.07,1.236
2026-09-03 07:00:00,29.06,45.52,193.73,257.9,49.77,1.331
2026-09-03 08:00:00,19.06,58.02,158.59,197.82,26.68,1.247
2026-09-03 09:00:00,20.35,47.06,150.0,193.05,32.19,1.287
2026-09-03 10:00:00,18.54,49.4,190.67,236.64,32.69,1.241
2026-09-03 11:00:00,21.9,53.83,172.72,210.9,32.38,1.221
2026-09-03 12:00:00,22.66,61.21,90.59,131.24,30.88,1.449
2026-09-03 13:00:00,21.26,64.52,167.13,214.76,36.33,1.285
2026-09-03 14:00:00,27.94,58.05,217.09,275.41,45.04,1.269
2026-09-03 15:00:00,22.28,47.53,158.07,203.14,32.23,1.285
2026-09-03 16:00:00,21.37,47.64,88.83,125.8,29.2,1.416
2026-09-03 17:00:00,24.51,57.13,213.67,270.48,42.4,1.266
2026-09-03 18:00:00,19.69,42.16,114.23,148.25,27.78,1.298
2026-09-03 19:00:00,27.63,38.31,123.97,177.75,40.04,1.434
2026-09-03 20:00:00,18.89,45.64,108.0,148.47,25.76,1.375
2026-09-03 21:00:00,29.84,43.62,136.14,183.91,41.0,1.351
2026-09-03 22:00:00,27.27,43.89,208.65,268.56,47.69,1.287
2026-09-03 23:00:00,20.38,42.01,168.3,208.08,34.38,1.236
2026-09-04 00:00:00,18.07,36.26,114.83,147.71,23.83,1.286
2026-09-04 01:00:00,27.79,35.54,229.23,287.32,47.93,1.253
2026-09-04 02:00:00,26.48,64.63,229.53,283.36,43.02,1.235
2026-09-04 03:00:00,26.75,47.83,228.0,289.75,47.39,1.271
2026-09-04 04:00:00,27.26,46.53,120.6,171.99,39.67,1.426
2026-09-04 05:00:00,18.89,55.39,156.71,195.27,28.75,1.246
2026-09-04 06:00:00,22.3,41.55,247.45,304.04,43.5,1.229
2026-09-04 07:00:00,19.39,63.5,211.24,259.06,33.32,1.226
2026-09-04 08:00:00,28.36,58.59,84.62,128.27,38.43,1.516
2026-09-04 09:00:00,25.48,37.68,91.08,137.38,31.47,1.508
2026-09-04 10:00:00,21.97,47.53,158.87,198.35,33.62,1.249
2026-09-04 11:00:00,18.76,61.37,234.57,282.27,34.56,1.203
2026-09-04 12:00:00,21.73,63.34,171.58,214.16,34.77,1.248
2026-09-04 13:00:00,21.9,49.02,164.63,204.23,33.28,1.241
2026-09-04 14:00:00,26.76,53.4,97.93,143.03,35.7,1.461
2026-09-04 15:00:00,25.65,40.01,191.65,246.55,43.46,1.286
2026-09-04 16:00:00,28.65,64.74,219.76,276.24,47.68,1.257
2026-09-04 17:00:00,23.67,41.95,144.67,182.08,31.86,1.259
2026-09-04 18:00:00,19.44,63.28,211.85,260.45,37.6,1.229
2026-09-04 19:00:00,26.56,54.49,243.96,308.1,50.12,1.263
2026-09-04 20:00:00,27.13,53.23,114.64,158.75,35.28,1.385
2026-09-04 21:00:00,24.74,50.38,168.97,216.13,40.0,1.279
2026-09-04 22:00:00,27.25,41.92,128.81,176.42,38.18,1.37
2026-09-04 23:00:00,23.93,40.3,214.79,261.87,41.6,1.219
2026-09-05 00:00:00,24.27,41.61,178.19,230.65,39.25,1.294
2026-09-05 01:00:00,23.13,40.59,187.88,238.4,37.26,1.269
2026-09-05 02:00:00,18.31,58.39,215.65,257.67,31.14,1.195
2026-09-05 03:00:00,19.29,45.5,147.31,183.19,27.35,1.244
2026-09-05 04:00:00,18.38,36.74,235.57,281.14,32.58,1.193
2026-09-05 05:00:00,25.64,64.07,170.61,219.6,38.44,1.287
2026-09-05 06:00:00,21.77,61.51,106.85,149.18,29.07,1.396
2026-09-05 07:00:00,24.1,62.83,198.3,248.2,38.59,1.252
2026-09-05 08:00:00,28.89,64.85,214.85,277.59,49.89,1.292
2026-09-05 09:00:00,20.99,40.22,133.85,178.0,33.17,1.33
2026-09-05 10:00:00,22.92,46.89,225.72,274.15,39.28,1.215
2026-09-05 11:00:00,27.07,57.75,234.04,296.43,47.8,1.267
2026-09-05 12:00:00,20.75,55.88,127.07,167.77,30.28,1.32
2026-09-05 13:00:00,18.92,39.62,247.2,295.36,37.11,1.195
2026-09-05 14:00:00,21.48,59.47,103.92,139.81,28.68,1.345
2026-09-05 15:00:00,19.93,41.73,114.34,154.13,28.53,1.348
2026-09-05 16:00:00,29.16,41.71,111.32,163.64,41.6,1.47
2026-09-05 17:00:00,27.7,51.11,231.98,284.46,45.63,1.226
2026-09-05 18:00:00,25.6,52.79,191.23,240.26,43.44,1.256
2026-09-05 19:00:00,28.46,52.4,105.86,157.83,40.93,1.491
2026-09-05 20:00:00,27.64,37.74,154.85,207.82,40.33,1.342
2026-09-05 21:00:00,20.24,61.32,184.6,228.04,33.2,1.235
2026-09-05 22:00:00,28.71,42.97,94.19,141.42,39.97,1.501
2026-09-05 23:00:00,24.47,38.89,230.01,284.37,42.69,1.236
2026-09-06 00:00:00,27.69,61.66,216.61,271.42,49.01,1.253
2026-09-06 01:00:00,28.75,63.67,165.89,224.43,49.13,1.353
2026-09-06 02:00:00,21.82,60.86,244.41,289.75,38.71,1.186
2026-09-06 03:00:00,19.32,59.29,151.02,184.16,26.3,1.219
2026-09-06 04:00:00,20.74,54.66,247.3,293.82,39.49,1.188
2026-09-06 05:00:00,23.13,51.53,193.55,242.03,39.61,1.25
2026-09-06 06:00:00,27.82,37.61,187.89,237.7,44.29,1.265
2026-09-06 07:00:00,28.33,47.25,108.21,159.25,42.06,1.472
2026-09-06 08:00:00,18.08,46.18,229.93,270.89,30.84,1.178
2026-09-06 09:00:00,24.13,42.79,152.67,200.3,37.79,1.312
2026-09-06 10:00:00,23.01,56.7,107.58,146.32,29.91,1.36
2026-09-06 11:00:00,20.67,49.88,82.14,124.54,29.01,1.516
2026-09-06 12:00:00,19.44,37.43,175.16,216.77,35.16,1.238
2026-09-06 13:00:00,22.05,41.61,169.66,212.83,33.12,1.254
2026-09-06 14:00:00,29.31,55.5,202.29,254.97,47.06,1.26
2026-09-06 15:00:00,21.88,37.28,231.34,278.1,41.04,1.202
2026-09-06 16:00:00,24.23,60.54,93.5,135.28,31.04,1.447
2026-09-06 17:00:00,26.44,49.85,204.35,258.93,43.91,1.267
2026-09-06 18:00:00,22.36,49.42,111.86,156.19,30.54,1.396
2026-09-06 19:00:00,29.66,52.77,225.89,283.19,46.72,1.254
2026-09-06 20:00:00,29.55,59.74,219.24,283.67,49.84,1.294
2026-09-06 21:00:00,21.02,45.43,171.93,209.33,31.91,1.217
2026-09-06 22:00:00,23.97,55.34,200.74,245.74,39.02,1.224
2026-09-06 23:00:00,21.61,51.97,133.44,172.86,33.98,1.295
2026-09-07 00:00:00,21.42,43.01,160.1,197.37,30.42,1.233
2026-09-07 01:00:00,18.44,61.36,219.68,264.96,34.86,1.206
2026-09-07 02:00:00,25.31,58.92,158.08,207.59,38.06,1.313
2026-09-07 03:00:00,24.03,54.75,140.83,181.04,34.75,1.286
2026-09-07 04:00:00,18.62,60.52,164.02,209.1,30.63,1.275
2026-09-07 05:00:00,21.34,61.02,220.8,272.58,38.36,1.235
2026-09-07 06:00:00,28.9,56.25,136.99,188.4,43.45,1.375
2026-09-07 07:00:00,20.87,60.11,109.54,145.32,30.01,1.327
2026-09-07 08:00:00,19.74,55.92,201.04,240.77,33.03,1.198
2026-09-07 09:00:00,23.87,55.4,220.42,266.9,40.22,1.211
2026-09-07 10:00:00,29.83,53.56,97.11,141.68,38.34,1.459
2026-09-07 11:00:00,20.9,57.58,120.78,158.33,27.37,1.311
2026-09-07 12:00:00,26.07,39.76,104.14,152.92,41.33,1.468
2026-09-07 13:00:00,27.14,61.43,139.15,190.06,42.33,1.366
2026-09-07 14:00:00,20.85,61.16,156.56,200.55,29.1,1.281
2026-09-07 15:00:00,26.74,35.88,207.3,261.19,42.05,1.26
2026-09-07 16:00:00,22.41,59.77,190.7,243.02,37.84,1.274
2026-09-07 17:00:00,25.59,38.87,185.56,234.3,42.32,1.263
2026-09-07 18:00:00,25.6,45.05,139.9,187.42,38.69,1.34
2026-09-07 19:00:00,24.43,57.31,223.05,275.57,41.98,1.235
2026-09-07 20:00:00,19.08,39.82,160.12,195.07,29.18,1.218
2026-09-07 21:00:00,28.02,59.54,246.45,301.9,50.41,1.225
2026-09-07 22:00:00,21.85,59.96,187.8,235.48,35.97,1.254
2026-09-07 23:00:00,20.24,50.22,101.47,134.92,22.04,1.33
2026-09-08 00:00:00,18.49,35.19,194.95,234.93,30.87,1.205
2026-09-08 01:00:00,25.09,43.61,135.27,179.92,34.75,1.33
2026-09-08 02:00:00,26.13,53.51,196.68,249.11,43.28,1.267
2026-09-08 03:00:00,18.2,64.44,91.84,125.7,28.62,1.369
2026-09-08 04:00:00,24.15,53.95,109.73,151.81,33.73,1.384
2026-09-08 05:00:00,20.72,42.79,225.48,268.73,36.49,1.192
2026-09-08 06:00:00,25.74,54.02,118.62,162.55,37.95,1.37
2026-09-08 07:00:00,20.09,51.2,222.3,273.75,36.89,1.231
2026-09-08 08:00:00,26.29,58.4,127.48,176.95,38.48,1.388
2026-09-08 09:00:00,22.64,38.21,189.29,239.89,38.32,1.267
2026-09-08 10:00:00,29.24,57.83,198.01,257.97,51.81,1.303
2026-09-08 11:00:00,19.65,51.24,167.15,204.67,28.59,1.224
2026-09-08 12:00:00,22.09,63.89,131.9,171.91,32.64,1.303
2026-09-08 13:00:00,19.36,45.26,116.15,146.6,24.48,1.262
2026-09-08 14:00:00,29.1,53.98,85.64,132.04,39.61,1.542
2026-09-08 15:00:00,28.53,62.96,131.67,184.13,39.49,1.398
2026-09-08 16:00:00,21.1,38.08,191.04,236.9,34.09,1.24
2026-09-08 17:00:00,25.92,63.12,239.51,295.43,45.45,1.233
2026-09-08 18:00:00,27.81,55.64,228.1,287.77,49.91,1.262
2026-09-08 19:00:00,24.66,37.04,210.23,268.1,43.65,1.275
2026-09-08 20:00:00,24.36,44.03,214.04,258.93,39.17,1.21
2026-09-08 21:00:00,20.9,56.25,193.05,235.76,34.91,1.221
2026-09-08 22:00:00,19.12,37.02,124.25,157.94,25.2,1.271
2026-09-08 23:00:00,28.77,52.47,234.22,294.42,47.37,1.257
2026-09-09 00:00:00,28.81,45.38,194.02,255.25,46.3,1.316
2026-09-09 01:00:00,25.6,53.63,175.27,222.48,39.8,1.269
2026-09-09 02:00:00,22.07,36.37,98.87,146.48,33.87,1.482
2026-09-09 03:00:00,22.19,61.15,156.0,203.94,34.63,1.307
2026-09-09 04:00:00,26.71,64.2,158.26,203.48,37.97,1.286
2026-09-09 05:00:00,28.77,64.07,226.98,284.15,48.18,1.252
2026-09-09 06:00:00,28.65,57.49,172.93,228.87,46.84,1.323
2026-09-09 07:00:00,27.36,38.9,144.67,204.24,44.79,1.412
2026-09-09 08:00:00,25.7,57.75,246.06,295.93,43.07,1.203
2026-09-09 09:00:00,19.01,35.74,98.82,132.47,20.66,1.341
2026-09-09 10:00:00,19.94,35.66,151.83,193.97,33.8,1.278
2026-09-09 11:00:00,28.78,44.71,87.14,138.38,38.92,1.588
2026-09-09 12:00:00,25.28,49.66,205.78,255.63,40.64,1.242
2026-09-09 13:00:00,18.11,58.11,236.07,281.98,35.12,1.194
2026-09-09 14:00:00,19.22,55.5,127.61,162.7,21.76,1.275
2026-09-09 15:00:00,25.96,48.38,225.92,283.98,45.02,1.257
2026-09-09 16:00:00,18.06,43.21,129.68,169.46,26.12,1.307
2026-09-09 17:00:00,19.93,64.91,234.83,278.96,38.53,1.188
2026-09-09 18:00:00,24.58,47.79,208.17,259.6,39.5,1.247
2026-09-09 19:00:00,26.3,48.54,216.83,268.21,44.97,1.237
2026-09-09 20:00:00,25.82,39.91,83.06,123.75,31.53,1.49
2026-09-09 21:00:00,20.69,58.84,243.68,293.21,39.04,1.203
2026-09-09 22:00:00,26.55,55.81,203.53,254.87,42.31,1.252
2026-09-09 23:00:00,20.85,41.62,131.81,171.0,29.0,1.297
2026-09-10 00:00:00,21.9,37.47,221.0,272.51,36.55,1.233
2026-09-10 01:00:00,26.96,55.41,127.86,174.18,39.97,1.362
2026-09-10 02:00:00,25.8,54.64,228.37,286.8,46.68,1.256
2026-09-10 03:00:00,28.19,43.2,99.14,145.85,37.75,1.471
2026-09-10 04:00:00,25.89,63.53,199.63,248.84,42.88,1.247
2026-09-10 05:00:00,24.82,39.53,171.92,214.59,36.09,1.248
2026-09-10 06:00:00,19.12,47.97,96.41,134.7,23.8,1.397
2026-09-10 07:00:00,22.41,63.31,121.12,166.13,31.21,1.372
2026-09-10 08:00:00,21.18,47.59,82.11,127.76,31.58,1.556
2026-09-10 09:00:00,20.93,54.16,159.69,204.55,29.94,1.281
2026-09-10 10:00:00,29.68,46.93,131.22,184.24,45.94,1.404
2026-09-10 11:00:00,22.72,43.23,181.72,228.88,38.61,1.26
2026-09-10 12:00:00,28.7,64.52,130.53,184.28,42.06,1.412
2026-09-10 13:00:00,25.57,47.28,130.99,181.18,40.36,1.383
2026-09-10 14:00:00,27.54,61.82,206.34,262.08,46.56,1.27
2026-09-10 15:00:00,24.03,41.9,88.18,128.64,31.88,1.459
2026-09-10 16:00:00,24.92,41.39,233.49,288.39,43.96,1.235
2026-09-10 17:00:00,23.91,35.93,224.88,279.94,44.3,1.245
2026-09-10 18:00:00,20.34,54.55,193.53,236.33,36.19,1.221
2026-09-10 19:00:00,26.67,46.06,180.85,231.79,41.22,1.282
2026-09-10 20:00:00,21.37,60.93,231.69,278.18,35.95,1.201
2026-09-10 21:00:00,18.29,49.2,111.51,146.16,23.95,1.311
2026-09-10 22:00:00,25.75,64.05,93.42,133.02,32.49,1.424
2026-09-10 23:00:00,20.13,40.57,120.72,160.86,27.72,1.333
2026-09-11 00:00:00,29.29,61.06,215.08,271.94,51.61,1.264
2026-09-11 01:00:00,29.45,58.3,85.89,132.57,38.13,1.543
2026-09-11 02:00:00,28.98,58.13,179.08,237.59,45.71,1.327
2026-09-11 03:00:00,22.44,60.34,249.22,301.58,41.72,1.21
2026-09-11 04:00:00,18.19,57.83,225.47,268.09,35.01,1.189
2026-09-11 05:00:00,29.14,53.79,168.65,221.3,40.71,1.312
2026-09-11 06:00:00,23.14,38.94,90.82,130.25,28.76,1.434
2026-09-11 07:00:00,29.6,35.98,221.33,284.82,50.53,1.287
2026-09-11 08:00:00,29.56,62.63,181.83,243.47,49.29,1.339
2026-09-11 09:00:00,28.24,53.5,99.54,147.97,37.33,1.487
2026-09-11 10:00:00,21.53,58.9,95.96,130.06,24.22,1.355
2026-09-11 11:00:00,22.62,49.45,234.64,282.91,41.94,1.206
2026-09-11 12:00:00,28.21,38.52,193.76,245.93,44.55,1.269
2026-09-11 13:00:00,21.8,38.76,220.98,266.17,36.0,1.205
2026-09-11 14:00:00,20.03,55.57,229.43,275.58,35.16,1.201
2026-09-11 15:00:00,24.68,47.91,177.2,226.17,38.83,1.276
2026-09-11 16:00:00,29.23,41.02,167.97,219.93,44.08,1.309
2026-09-11 17:00:00,26.35,49.75,153.17,193.61,35.37,1.264
2026-09-11 18:00:00,24.84,36.93,133.88,181.61,37.77,1.356
2026-09-11 19:00:00,19.17,52.46,153.88,193.35,31.61,1.256
2026-09-11 20:00:00,25.38,43.07,211.56,268.2,44.3,1.268
2026-09-11 21:00:00,29.88,58.93,182.33,232.7,45.13,1.276
2026-09-11 22:00:00,19.68,44.31,231.73,278.23,35.66,1.201
2026-09-11 23:00:00,24.22,48.66,155.37,206.54,36.75,1.329
2026-09-12 00:00:00,28.53,35.35,183.21,236.6,46.65,1.291
2026-09-12 01:00:00,26.89,37.17,187.32,241.7,44.66,1.29
2026-09-12 02:00:00,26.36,46.77,180.59,227.03,40.53,1.257
2026-09-12 03:00:00,26.43,49.4,199.45,254.47,43.76,1.276
2026-09-12 04:00:00,22.31,53.0,120.36,162.88,32.01,1.353
2026-09-12 05:00:00,21.52,43.75,167.1,212.74,36.56,1.273
2026-09-12 06:00:00,27.71,55.85,97.72,146.73,38.79,1.502
2026-09-12 07:00:00,27.72,60.8,145.37,202.12,42.79,1.39
2026-09-12 08:00:00,28.4,58.4,162.9,213.67,43.81,1.312
2026-09-12 09:00:00,28.96,36.19,190.88,245.63,49.53,1.287
2026-09-12 10:00:00,24.14,49.42,241.59,299.56,44.35,1.24
2026-09-12 11:00:00,24.02,38.15,182.11,229.76,36.87,1.262
2026-09-12 12:00:00,27.58,42.26,206.41,269.01,48.69,1.303
2026-09-12 13:00:00,25.8,64.6,166.07,218.42,41.38,1.315
2026-09-12 14:00:00,26.42,39.27,187.8,242.67,41.77,1.292
2026-09-12 15:00:00,27.55,49.97,92.06,137.09,35.73,1.489
2026-09-12 16:00:00,28.68,53.54,123.25,177.22,41.47,1.438
2026-09-12 17:00:00,22.06,56.07,141.52,188.98,33.33,1.335
2026-09-12 18:00:00,22.51,51.79,160.32,206.03,34.98,1.285
2026-09-12 19:00:00,19.13,35.29,87.76,118.9,24.34,1.355
2026-09-12 20:00:00,24.94,44.79,103.8,148.61,37.11,1.432
2026-09-12 21:00:00,18.43,50.53,127.06,162.0,27.95,1.275
2026-09-12 22:00:00,23.59,37.64,245.16,296.0,43.37,1.207
2026-09-12 23:00:00,24.51,45.52,136.33,181.95,37.56,1.335
2026-09-13 00:00:00,21.44,36.0,161.95,203.55,31.05,1.257
2026-09-13 01:00:00,25.09,37.36,113.34,159.71,35.5,1.409
2026-09-13 02:00:00,18.37,46.91,183.83,226.97,33.87,1.235
2026-09-13 03:00:00,18.45,38.98,127.72,164.32,25.45,1.287
2026-09-13 04:00:00,27.87,52.03,115.19,158.33,37.33,1.375
2026-09-13 05:00:00,22.32,55.68,167.82,207.3,33.6,1.235
2026-09-13 06:00:00,19.52,59.02,80.94,109.24,21.58,1.35
2026-09-13 07:00:00,24.27,41.0,81.3,120.82,29.34,1.486
2026-09-13 08:00:00,27.24,40.02,117.24,161.88,37.5,1.381
2026-09-13 09:00:00,20.59,38.14,86.24,117.05,22.97,1.357
2026-09-13 10:00:00,25.47,54.09,98.36,141.48,34.11,1.438
2026-09-13 11:00:00,19.02,56.19,137.61,180.07,29.35,1.309
2026-09-13 12:00:00,18.62,35.95,216.44,253.01,31.43,1.169
2026-09-13 13:00:00,24.38,63.09,177.25,230.52,41.78,1.301
2026-09-13 14:00:00,24.49,36.56,167.15,217.97,39.13,1.304
2026-09-13 15:00:00,25.65,51.24,129.89,181.81,38.93,1.4
2026-09-13 16:00:00,26.71,56.27,238.4,298.55,45.83,1.252
2026-09-13 17:00:00,29.71,61.13,147.49,198.77,46.07,1.348
2026-09-13 18:00:00,24.2,56.42,94.81,131.04,29.69,1.382
2026-09-13 19:00:00,21.88,59.05,184.9,236.15,37.39,1.277
2026-09-13 20:00:00,27.54,45.18,99.35,146.54,37.61,1.475
2026-09-13 21:00:00,21.25,59.44,138.69,181.41,32.08,1.308
2026-09-13 22:00:00,23.27,37.4,166.26,211.74,33.85,1.274
2026-09-13 23:00:00,18.94,61.84,228.62,273.32,32.91,1.196
2026-09-14 00:00:00,18.3,51.43,163.9,207.98,29.76,1.269
2026-09-14 01:00:00,29.55,59.52,199.38,260.74,46.38,1.308
2026-09-14 02:00:00,28.03,48.57,248.78,311.86,50.88,1.254
2026-09-14 03:00:00,26.35,54.31,102.35,143.21,32.98,1.399
2026-09-14 04:00:00,22.91,50.79,126.7,174.7,34.19,1.379
2026-09-14 05:00:00,20.08,56.95,147.08,179.99,27.42,1.224
2026-09-14 06:00:00,19.88,37.45,151.71,190.08,31.06,1.253
2026-09-14 07:00:00,21.0,36.81,149.87,196.59,32.75,1.312
2026-09-14 08:00:00,24.59,42.41,234.29,284.09,42.24,1.213
2026-09-14 09:00:00,26.58,39.79,201.39,253.73,45.14,1.26
2026-09-14 10:00:00,25.92,61.15,183.34,231.8,42.07,1.264
2026-09-14 11:00:00,21.36,41.58,132.59,175.75,29.57,1.326
2026-09-14 12:00:00,29.46,64.28,220.04,277.82,47.77,1.263
2026-09-14 13:00:00,26.85,45.11,242.36,297.85,43.75,1.229
2026-09-14 14:00:00,24.65,40.46,219.6,270.24,43.25,1.231
2026-09-14 15:00:00,25.34,58.69,80.27,122.15,29.3,1.522
2026-09-14 16:00:00,23.04,54.76,188.19,238.59,37.8,1.268
2026-09-14 17:00:00,20.97,49.95,88.69,122.85,26.03,1.385
2026-09-14 18:00:00,22.27,51.66,123.79,165.57,32.67,1.337
2026-09-14 19:00:00,27.09,56.58,90.12,132.46,35.25,1.47
2026-09-14 20:00:00,18.17,41.85,182.65,226.62,29.21,1.241
2026-09-14 21:00:00,19.39,64.89,196.72,242.47,34.29,1.233
2026-09-14 22:00:00,18.55,64.24,99.46,138.26,24.46,1.39
2026-09-14 23:00:00,18.49,54.51,145.25,181.27,27.99,1.248
2026-09-15 00:00:00,28.27,40.99,157.56,214.32,43.94,1.36
2026-09-15 01:00:00,26.44,55.41,142.74,191.41,36.01,1.341
2026-09-15 02:00:00,23.69,37.17,100.57,145.59,33.09,1.448
2026-09-15 03:00:00,19.17,35.92,151.22,195.96,30.08,1.296
2026-09-15 04:00:00,23.9,42.73,207.7,255.07,38.43,1.228
2026-09-15 05:00:00,23.68,48.88,92.07,128.78,30.4,1.399
2026-09-15 06:00:00,20.08,61.05,93.63,130.88,25.53,1.398
2026-09-15 07:00:00,23.21,56.82,140.31,186.37,33.77,1.328
2026-09-15 08:00:00,22.78,57.28,240.09,292.89,42.05,1.22
2026-09-15 09:00:00,25.39,47.76,193.66,245.17,44.44,1.266
2026-09-15 10:00:00,25.62,45.38,195.37,249.64,44.23,1.278
2026-09-15 11:00:00,18.54,46.13,141.53,174.16,24.51,1.231
2026-09-15 12:00:00,22.5,64.63,180.92,227.66,37.46,1.258
2026-09-15 13:00:00,25.51,36.2,81.72,128.64,35.46,1.574
2026-09-15 14:00:00,24.04,61.01,188.14,240.47,39.88,1.278
2026-09-15 15:00:00,28.28,52.36,235.26,294.0,51.42,1.25
2026-09-15 16:00:00,25.9,48.16,184.14,238.8,45.61,1.297
2026-09-15 17:00:00,19.96,56.76,228.53,274.48,38.26,1.201
2026-09-15 18:00:00,18.85,49.6,203.08,243.08,33.01,1.197
2026-09-15 19:00:00,25.71,61.2,100.49,150.02,36.69,1.493
2026-09-15 20:00:00,18.32,62.02,233.42,281.95,34.44,1.208
2026-09-15 21:00:00,25.03,47.65,91.3,132.89,32.9,1.456
2026-09-15 22:00:00,29.28,43.3,170.77,228.17,44.88,1.336
2026-09-15 23:00:00,24.91,52.77,104.16,154.95,36.82,1.488
2026-09-16 00:00:00,22.66,62.37,81.99,122.36,26.91,1.492
2026-09-16 01:00:00,25.72,41.32,151.75,200.36,41.78,1.32
2026-09-16 02:00:00,23.5,53.69,130.16,179.38,34.66,1.378
2026-09-16 03:00:00,24.55,53.95,162.62,206.42,35.03,1.269
2026-09-16 04:00:00,29.3,56.99,178.12,233.45,46.93,1.311
2026-09-16 05:00:00,22.63,38.95,87.44,117.8,24.74,1.347
2026-09-16 06:00:00,29.53,56.47,100.91,152.4,41.63,1.51
2026-09-16 07:00:00,28.86,62.27,174.97,228.12,47.06,1.304
2026-09-16 08:00:00,20.35,40.39,138.34,174.23,28.41,1.259
2026-09-16 09:00:00,18.83,42.13,203.96,244.94,32.81,1.201
2026-09-16 10:00:00,19.21,64.14,190.89,239.97,35.99,1.257
2026-09-16 11:00:00,18.22,40.43,223.75,269.72,32.22,1.205
2026-09-16 12:00:00,19.13,60.63,197.72,236.15,30.4,1.194
2026-09-16 13:00:00,26.2,49.77,153.09,209.18,42.5,1.366
2026-09-16 14:00:00,18.85,42.42,194.4,243.74,35.76,1.254
2026-09-16 15:00:00,21.83,61.12,126.81,170.36,30.89,1.343
2026-09-16 16:00:00,28.14,48.36,132.07,181.34,42.8,1.373
2026-09-16 17:00:00,18.28,50.44,214.13,261.26,35.23,1.22
2026-09-16 18:00:00,27.77,45.78,155.89,210.99,40.65,1.353
2026-09-16 19:00:00,21.38,52.79,215.72,263.91,36.36,1.223
2026-09-16 20:00:00,19.42,39.91,219.81,265.3,37.17,1.207
2026-09-16 21:00:00,26.36,46.73,225.79,284.77,48.97,1.261
2026-09-16 22:00:00,25.55,64.08,235.83,293.6,46.31,1.245
2026-09-16 23:00:00,28.53,42.74,153.27,204.67,41.3,1.335
2026-09-17 00:00:00,26.82,54.7,134.21,183.35,42.94,1.366
2026-09-17 01:00:00,27.64,44.76,178.97,229.81,42.72,1.284
2026-09-17 02:00:00,21.38,58.2,143.1,186.98,30.85,1.307
2026-09-17 03:00:00,20.13,38.93,182.18,229.25,33.45,1.258
2026-09-17 04:00:00,27.01,64.09,199.95,253.94,47.62,1.27
2026-09-17 05:00:00,27.68,48.61,197.03,258.55,46.99,1.312
2026-09-17 06:00:00,29.89,42.08,143.67,197.11,45.15,1.372
2026-09-17 07:00:00,22.95,37.2,108.37,152.01,32.02,1.403
2026-09-17 08:00:00,22.46,40.09,153.19,199.75,34.04,1.304
2026-09-17 09:00:00,27.32,50.59,104.24,155.79,38.43,1.495
2026-09-17 10:00:00,22.09,45.11,231.32,280.35,34.58,1.212
2026-09-17 11:00:00,29.17,59.87,138.8,189.19,42.26,1.363
2026-09-17 12:00:00,28.3,47.93,106.26,159.28,39.43,1.499
2026-09-17 13:00:00,23.15,42.46,84.33,117.81,27.17,1.397
2026-09-17 14:00:00,27.01,53.51,189.79,246.31,44.47,1.298
2026-09-17 15:00:00,27.05,56.2,188.27,243.93,43.23,1.296
2026-09-17 16:00:00,19.24,40.01,137.9,181.08,31.4,1.313
2026-09-17 17:00:00,28.83,40.03,92.19,141.48,41.77,1.535
2026-09-17 18:00:00,24.06,36.1,149.64,198.5,35.13,1.327
2026-09-17 19:00:00,27.92,57.09,132.91,179.8,40.21,1.353
2026-09-17 20:00:00,21.84,54.91,195.11,236.87,36.22,1.214
2026-09-17 21:00:00,28.75,49.24,182.98,240.01,44.85,1.312
2026-09-17 22:00:00,22.67,60.33,141.98,185.49,33.75,1.306
2026-09-17 23:00:00,18.13,59.17,117.04,153.57,23.04,1.312
2026-09-18 00:00:00,28.86,52.56,247.97,305.67,48.87,1.233
2026-09-18 01:00:00,19.1,61.05,157.18,194.33,30.46,1.236
2026-09-18 02:00:00,21.83,41.18,197.01,248.14,37.77,1.26
2026-09-18 03:00:00,29.4,38.36,103.89,153.19,38.8,1.474
2026-09-18 04:00:00,29.41,43.09,162.55,216.35,46.91,1.331
2026-09-18 05:00:00,24.88,36.71,84.68,127.72,30.83,1.508
2026-09-18 06:00:00,25.58,50.94,165.93,216.19,40.15,1.303
2026-09-18 07:00:00,23.38,63.1,243.88,299.15,44.22,1.227
2026-09-18 08:00:00,21.52,36.18,145.32,186.76,31.84,1.285
2026-09-18 09:00:00,21.94,38.66,86.63,128.67,28.76,1.485
2026-09-18 10:00:00,26.07,48.57,85.26,131.45,32.89,1.542
2026-09-18 11:00:00,27.03,63.02,145.96,197.88,39.83,1.356
2026-09-18 12:00:00,27.5,44.48,107.2,150.67,37.41,1.405
2026-09-18 13:00:00,27.48,50.22,83.97,131.8,34.44,1.57
2026-09-18 14:00:00,19.09,36.25,208.56,253.24,32.97,1.214
2026-09-18 15:00:00,23.93,39.45,157.95,203.36,33.44,1.287
2026-09-18 16:00:00,18.69,64.6,129.17,163.19,25.39,1.263
2026-09-18 17:00:00,24.59,63.95,233.01,289.77,42.96,1.244
2026-09-18 18:00:00,23.3,35.15,99.74,142.41,30.41,1.428
2026-09-18 19:00:00,28.65,63.55,242.51,298.53,49.9,1.231
2026-09-18 20:00:00,22.21,54.17,133.37,174.32,31.86,1.307
2026-09-18 21:00:00,19.4,61.04,231.03,281.44,36.55,1.218
2026-09-18 22:00:00,19.72,48.64,182.5,221.9,33.92,1.216
2026-09-18 23:00:00,27.14,50.47,220.54,280.21,45.05,1.271
2026-09-19 00:00:00,25.42,49.67,247.28,302.58,43.5,1.224
2026-09-19 01:00:00,19.21,55.01,129.03,165.4,25.06,1.282
2026-09-19 02:00:00,19.01,39.19,243.39,286.11,35.01,1.176
2026-09-19 03:00:00,26.41,35.9,146.21,192.31,38.61,1.315
2026-09-19 04:00:00,18.87,44.24,145.54,186.37,26.41,1.281
2026-09-19 05:00:00,27.86,56.14,137.87,184.08,38.23,1.335
2026-09-19 06:00:00,26.47,41.06,172.04,225.36,40.56,1.31
2026-09-19 07:00:00,18.98,55.2,106.2,140.46,25.32,1.323
2026-09-19 08:00:00,19.02,64.1,174.13,212.17,31.65,1.218
2026-09-19 09:00:00,29.84,37.82,172.09,222.61,45.41,1.294
2026-09-19 10:00:00,22.49,55.18,209.52,257.64,37.67,1.23
2026-09-19 11:00:00,22.45,48.31,221.72,274.03,37.56,1.236
2026-09-19 12:00:00,27.75,61.04,154.88,205.52,41.96,1.327
2026-09-19 13:00:00,29.37,40.31,131.4,180.83,40.87,1.376
2026-09-19 14:00:00,29.83,55.78,124.09,176.35,43.82,1.421
2026-09-19 15:00:00,27.04,60.14,113.09,157.33,34.04,1.391
2026-09-19 16:00:00,22.52,63.34,89.8,127.44,28.24,1.419
2026-09-19 17:00:00,19.0,55.5,138.22,180.18,28.16,1.304
2026-09-19 18:00:00,27.33,49.92,125.94,175.43,39.43,1.393
2026-09-19 19:00:00,24.7,53.54,244.29,304.35,49.98,1.246
2026-09-19 20:00:00,23.09,61.07,174.81,218.51,37.32,1.25
2026-09-19 21:00:00,28.88,52.12,139.04,194.29,40.43,1.397
2026-09-19 22:00:00,19.33,35.91,178.68,217.28,31.1,1.216
2026-09-19 23:00:00,23.91,62.93,103.66,138.0,28.61,1.331
2026-09-20 00:00:00,18.14,55.69,155.49,194.6,27.48,1.252
2026-09-20 01:00:00,23.62,55.3,186.46,234.1,36.69,1.255
2026-09-20 02:00:00,18.68,41.47,163.11,203.16,30.89,1.246
2026-09-20 03:00:00,19.43,54.77,148.3,185.43,27.9,1.25
2026-09-20 04:00:00,19.41,46.82,248.95,298.6,36.8,1.199
2026-09-20 05:00:00,25.79,54.54,229.65,280.4,43.79,1.221
2026-09-20 06:00:00,26.95,38.2,185.98,245.97,46.78,1.323
2026-09-20 07:00:00,25.0,54.74,176.79,227.28,39.0,1.286
2026-09-20 08:00:00,29.55,64.98,185.51,245.53,50.83,1.324
2026-09-20 09:00:00,22.5,36.45,114.22,156.32,32.51,1.369
2026-09-20 10:00:00,21.43,64.32,147.17,187.62,32.88,1.275
2026-09-20 11:00:00,28.42,47.21,86.71,137.54,38.31,1.586
2026-09-20 12:00:00,20.68,61.12,160.84,203.65,32.68,1.266
2026-09-20 13:00:00,29.56,58.47,172.31,222.79,42.27,1.293
2026-09-20 14:00:00,18.15,52.01,118.72,153.84,24.16,1.296
2026-09-20 15:00:00,29.64,57.15,243.88,312.5,53.66,1.281
2026-09-20 16:00:00,18.52,61.36,234.61,278.41,34.45,1.187
2026-09-20 17:00:00,28.69,47.12,202.76,261.42,44.45,1.289
2026-09-20 18:00:00,24.33,44.81,170.68,217.17,38.05,1.272
2026-09-20 19:00:00,29.92,55.03,227.89,287.96,54.51,1.264
2026-09-20 20:00:00,18.89,59.24,102.21,136.25,27.0,1.333
2026-09-20 21:00:00,24.65,57.87,214.39,265.57,42.0,1.239
2026-09-20 22:00:00,29.63,58.93,101.22,150.86,42.45,1.49
2026-09-20 23:00:00,24.28,48.07,215.02,260.9,40.88,1.213
2026-09-21 00:00:00,25.55,59.54,126.88,174.1,33.07,1.372
2026-09-21 01:00:00,26.35,38.61,229.11,286.55,44.0,1.251
2026-09-21 02:00:00,23.45,51.33,240.49,298.46,45.55,1.241
2026-09-21 03:00:00,25.53,35.17,105.3,146.15,34.17,1.388
2026-09-21 04:00:00,25.01,44.74,158.65,202.58,37.72,1.277
2026-09-21 05:00:00,28.81,45.99,246.77,302.81,50.36,1.227
2026-09-21 06:00:00,18.55,46.89,162.18,207.02,32.6,1.276
2026-09-21 07:00:00,21.37,55.86,226.8,282.54,41.45,1.246
2026-09-21 08:00:00,29.4,46.66,180.08,240.34,50.95,1.335
2026-09-21 09:00:00,28.68,48.46,143.81,192.21,42.21,1.337
2026-09-21 10:00:00,23.47,42.13,128.58,172.79,34.08,1.344
2026-09-21 11:00:00,25.44,46.2,114.55,155.33,32.29,1.356
2026-09-21 12:00:00,21.33,41.82,209.51,257.96,39.71,1.231
2026-09-21 13:00:00,20.26,37.2,145.71,184.63,27.71,1.267
2026-09-21 14:00:00,23.56,53.1,166.92,216.24,37.13,1.295
2026-09-21 15:00:00,22.24,55.05,163.7,202.06,32.26,1.234
2026-09-21 16:00:00,25.0,53.58,178.14,222.07,38.58,1.247
2026-09-21 17:00:00,18.93,48.9,227.15,274.99,32.9,1.211
2026-09-21 18:00:00,29.69,46.39,246.73,305.11,51.06,1.237
2026-09-21 19:00:00,29.83,60.9,149.29,198.44,43.62,1.329
2026-09-21 20:00:00,26.38,50.57,220.68,271.7,44.12,1.231
2026-09-21 21:00:00,24.43,49.38,209.97,258.47,43.11,1.231
2026-09-21 22:00:00,21.71,35.77,177.5,218.98,32.56,1.234
2026-09-21 23:00:00,27.77,45.24,242.53,305.04,49.49,1.258
2026-09-22 00:00:00,26.22,46.41,114.08,161.38,38.89,1.415
2026-09-22 01:00:00,19.95,46.96,98.57,132.8,24.79,1.347
2026-09-22 02:00:00,28.93,52.41,225.17,284.9,47.97,1.265
2026-09-22 03:00:00,27.87,51.01,154.66,206.46,41.72,1.335
2026-09-22 04:00:00,29.4,53.24,223.98,289.97,52.37,1.295
2026-09-22 05:00:00,26.71,57.95,231.83,292.48,47.0,1.262
2026-09-22 06:00:00,25.36,59.39,90.62,127.95,32.23,1.412
2026-09-22 07:00:00,23.02,56.54,230.19,284.88,41.91,1.238
2026-09-22 08:00:00,29.19,63.67,156.21,207.9,42.08,1.331
2026-09-22 09:00:00,28.39,35.55,166.77,226.96,45.29,1.361
2026-09-22 10:00:00,18.54,40.87,186.52,227.91,31.55,1.222
2026-09-22 11:00:00,18.32,35.23,237.49,286.21,33.86,1.205
2026-09-22 12:00:00,22.52,54.42,83.25,122.55,26.76,1.472
2026-09-22 13:00:00,27.73,61.94,161.06,209.25,40.7,1.299
2026-09-22 14:00:00,29.85,42.3,196.91,256.89,49.59,1.305
2026-09-22 15:00:00,19.81,62.81,202.86,254.18,36.39,1.253
2026-09-22 16:00:00,25.13,36.81,197.73,251.54,40.24,1.272
2026-09-22 17:00:00,22.57,63.03,102.85,139.83,31.0,1.359
2026-09-22 18:00:00,29.64,45.55,130.9,181.72,38.76,1.388
2026-09-22 19:00:00,28.11,38.04,140.98,189.7,40.27,1.346
2026-09-22 20:00:00,28.06,49.58,216.75,269.19,47.37,1.242
2026-09-22 21:00:00,23.62,42.7,127.39,168.23,31.81,1.321
2026-09-22 22:00:00,22.98,43.55,115.82,153.03,29.86,1.321
2026-09-22 23:00:00,21.28,44.22,242.77,293.96,38.01,1.211
2026-09-23 00:00:00,18.68,59.09,81.51,113.0,23.12,1.386
2026-09-23 01:00:00,28.38,51.17,249.63,313.07,50.16,1.254
2026-09-23 02:00:00,27.75,44.34,195.06,240.83,40.76,1.235
2026-09-23 03:00:00,30.0,53.31,220.84,275.34,46.42,1.247
2026-09-23 04:00:00,29.96,56.48,130.09,179.63,42.13,1.381
2026-09-23 05:00:00,24.67,43.18,82.43,122.28,32.51,1.483
2026-09-23 06:00:00,27.23,47.41,205.44,250.9,39.78,1.221
2026-09-23 07:00:00,29.34,38.66,221.8,277.43,48.75,1.251
2026-09-23 08:00:00,28.2,40.43,205.88,262.15,45.71,1.273
2026-09-23 09:00:00,20.97,55.43,104.28,142.77,30.57,1.369
2026-09-23 10:00:00,23.41,40.44,208.08,256.24,38.99,1.231
2026-09-23 11:00:00,19.55,50.75,210.72,254.43,34.95,1.207
2026-09-23 12:00:00,29.45,56.27,191.95,253.52,47.81,1.321
2026-09-23 13:00:00,25.27,38.21,210.24,262.76,38.47,1.25
2026-09-23 14:00:00,20.74,52.02,223.81,272.29,38.56,1.217
2026-09-23 15:00:00,26.06,42.7,184.31,234.88,42.27,1.274
2026-09-23 16:00:00,25.42,63.89,95.06,135.88,34.75,1.429
2026-09-23 17:00:00,22.3,49.51,162.9,219.76,42.33,1.349
2026-09-23 18:00:00,19.36,59.18,93.2,119.13,20.33,1.278
2026-09-23 19:00:00,26.06,51.51,149.28,199.74,42.48,1.338
2026-09-23 20:00:00,24.24,36.3,149.21,192.92,35.73,1.293
2026-09-23 21:00:00,27.27,53.99,91.22,136.2,36.77,1.493
2026-09-23 22:00:00,24.24,63.54,139.3,181.36,35.42,1.302
2026-09-23 23:00:00,28.23,53.05,98.87,149.1,37.4,1.508
2026-09-24 00:00:00,24.62,59.58,217.4,264.81,41.19,1.218
2026-09-24 01:00:00,24.73,61.53,241.11,297.5,45.04,1.234
2026-09-24 02:00:00,28.52,41.84,92.29,133.66,35.13,1.448
2026-09-24 03:00:00,22.84,41.36,242.37,291.23,43.15,1.202
2026-09-24 04:00:00,19.61,53.33,168.84,213.02,30.09,1.262
2026-09-24 05:00:00,18.35,47.33,130.93,161.56,23.73,1.234
2026-09-24 06:00:00,27.06,60.2,93.07,141.42,35.14,1.52
2026-09-24 07:00:00,25.44,62.0,165.11,217.44,41.89,1.317
2026-09-24 08:00:00,26.45,45.6,215.07,264.65,43.81,1.231
2026-09-24 09:00:00,20.56,42.11,200.2,250.33,35.57,1.25
2026-09-24 10:00:00,19.64,58.42,88.54,119.08,23.08,1.345
2026-09-24 11:00:00,18.17,43.24,92.39,130.16,24.17,1.409
2026-09-24 12:00:00,22.21,59.68,148.49,189.74,34.56,1.278
2026-09-24 13:00:00,25.08,47.71,130.2,183.47,39.73,1.409
2026-09-24 14:00:00,22.71,55.03,119.51,155.91,31.27,1.305
2026-09-24 15:00:00,23.25,37.87,127.77,172.32,34.43,1.349
2026-09-24 16:00:00,28.85,53.72,216.59,278.08,48.8,1.284
2026-09-24 17:00:00,22.18,48.55,237.97,295.21,42.9,1.241
2026-09-24 18:00:00,24.17,52.6,148.87,197.68,34.72,1.328
2026-09-24 19:00:00,27.4,40.04,234.04,296.55,49.32,1.267
2026-09-24 20:00:00,22.76,57.11,134.65,181.06,32.52,1.345
2026-09-24 21:00:00,25.47,60.88,160.99,206.94,38.95,1.285
2026-09-24 22:00:00,28.35,41.5,118.42,166.45,40.18,1.406
2026-09-24 23:00:00,29.39,37.87,188.88,244.48,47.71,1.294
2026-09-25 00:00:00,19.76,35.71,246.43,292.33,37.13,1.186
2026-09-25 01:00:00,29.12,54.26,182.59,238.24,46.72,1.305
2026-09-25 02:00:00,23.91,53.21,140.83,189.55,38.28,1.346
2026-09-25 03:00:00,21.1,51.4,190.13,233.56,36.83,1.228
2026-09-25 04:00:00,23.51,41.96,100.9,145.88,33.07,1.446
2026-09-25 05:00:00,29.76,46.73,231.07,287.96,50.22,1.246
2026-09-25 06:00:00,23.91,52.83,165.52,208.96,35.33,1.262
2026-09-25 07:00:00,21.95,49.9,156.39,201.76,35.34,1.29
2026-09-25 08:00:00,25.6,64.63,179.6,235.08,42.52,1.309
2026-09-25 09:00:00,20.88,39.09,186.21,235.77,37.17,1.266
2026-09-25 10:00:00,18.91,55.85,92.2,126.19,22.53,1.369
2026-09-25 11:00:00,19.55,47.13,196.04,235.15,32.54,1.199
2026-09-25 12:00:00,19.54,47.85,121.13,155.31,23.72,1.282
2026-09-25 13:00:00,19.82,56.53,201.37,240.31,33.06,1.193
2026-09-25 14:00:00,19.67,55.77,219.83,265.68,37.08,1.209
2026-09-25 15:00:00,25.69,64.74,216.67,268.74,42.94,1.24
2026-09-25 16:00:00,20.18,38.85,173.93,212.79,33.47,1.223
2026-09-25 17:00:00,22.15,38.12,168.43,210.48,34.32,1.25
2026-09-25 18:00:00,28.76,56.73,104.29,158.98,40.13,1.524
2026-09-25 19:00:00,23.69,52.35,211.81,264.53,38.18,1.249
2026-09-25 20:00:00,26.01,43.22,126.14,171.94,37.28,1.363
2026-09-25 21:00:00,20.07,37.38,164.44,195.14,25.27,1.187
2026-09-25 22:00:00,20.31,37.57,128.33,163.47,28.35,1.274
2026-09-25 23:00:00,18.49,61.83,102.75,132.37,20.69,1.288
2026-09-26 00:00:00,20.03,40.76,187.02,236.92,35.41,1.267
2026-09-26 01:00:00,21.34,44.7,89.24,124.36,28.71,1.394
2026-09-26 02:00:00,20.12,41.8,207.27,255.61,35.7,1.233
2026-09-26 03:00:00,19.06,45.65,133.99,170.43,30.36,1.272
2026-09-26 04:00:00,19.45,37.08,80.02,116.51,21.68,1.456
2026-09-26 05:00:00,23.53,50.57,166.89,215.85,40.14,1.293
2026-09-26 06:00:00,20.48,37.03,87.96,128.33,27.62,1.459
2026-09-26 07:00:00,22.37,59.01,126.95,166.61,31.24,1.312
2026-09-26 08:00:00,24.04,42.01,200.19,253.81,42.35,1.268
2026-09-26 09:00:00,26.28,51.2,90.66,130.04,32.47,1.434
2026-09-26 10:00:00,18.47,61.4,222.69,261.02,31.87,1.172
2026-09-26 11:00:00,27.59,54.53,80.65,129.65,34.62,1.608
2026-09-26 12:00:00,25.53,50.99,121.96,171.14,35.0,1.403
2026-09-26 13:00:00,18.98,44.73,205.95,250.66,30.83,1.217
2026-09-26 14:00:00,28.48,44.99,133.77,188.89,43.87,1.412
2026-09-26 15:00:00,29.05,55.08,97.32,149.25,38.84,1.534
2026-09-26 16:00:00,18.73,64.82,141.24,175.03,28.1,1.239
2026-09-26 17:00:00,21.32,54.86,125.97,163.24,28.92,1.296
2026-09-26 18:00:00,27.67,51.73,223.26,275.13,43.73,1.232
2026-09-26 19:00:00,26.98,56.92,133.27,184.3,39.67,1.383
2026-09-26 20:00:00,20.21,48.96,214.12,254.3,31.63,1.188
2026-09-26 21:00:00,20.51,36.8,231.62,275.26,37.16,1.188
2026-09-26 22:00:00,22.45,51.87,153.75,195.95,31.23,1.274
2026-09-26 23:00:00,23.81,63.73,234.69,294.31,46.47,1.254
2026-09-27 00:00:00,25.42,40.26,144.14,192.45,39.48,1.335
2026-09-27 01:00:00,22.43,55.7,243.89,291.58,41.36,1.196
2026-09-27 02:00:00,23.55,41.03,95.18,135.61,33.47,1.425
2026-09-27 03:00:00,26.97,51.07,196.79,246.67,42.51,1.253
2026-09-27 04:00:00,18.44,37.9,163.95,201.81,29.86,1.231
2026-09-27 05:00:00,21.03,48.51,145.9,188.94,31.62,1.295
2026-09-27 06:00:00,26.56,57.68,187.56,241.94,43.37,1.29
2026-09-27 07:00:00,28.74,45.43,199.66,261.25,49.63,1.308
2026-09-27 08:00:00,24.14,54.95,80.74,121.5,32.13,1.505
2026-09-27 09:00:00,24.39,58.86,108.38,155.45,33.83,1.434
2026-09-27 10:00:00,19.29,62.82,201.22,237.98,29.72,1.183
2026-09-27 11:00:00,23.37,42.04,193.29,239.57,36.6,1.239
2026-09-27 12:00:00,24.39,46.98,244.23,301.12,43.88,1.233
2026-09-27 13:00:00,20.91,39.57,209.38,252.48,36.3,1.206
2026-09-27 14:00:00,21.23,64.77,241.63,284.65,36.92,1.178
2026-09-27 15:00:00,22.53,62.81,199.43,255.84,42.57,1.283
2026-09-27 16:00:00,18.24,51.2,130.67,167.95,28.85,1.285
2026-09-27 17:00:00,21.86,60.26,97.91,139.59,29.83,1.426
2026-09-27 18:00:00,20.54,50.63,212.91,254.15,35.98,1.194
2026-09-27 19:00:00,21.93,53.71,189.51,237.04,35.63,1.251
2026-09-27 20:00:00,19.44,37.67,88.19,118.66,22.31,1.345
2026-09-27 21:00:00,28.69,57.66,141.21,189.25,42.48,1.34
2026-09-27 22:00:00,25.12,38.83,242.66,299.37,45.61,1.234
2026-09-27 23:00:00,26.15,59.78,165.07,210.42,37.95,1.275
2026-09-28 00:00:00,27.47,58.46,153.56,204.59,42.16,1.332
2026-09-28 01:00:00,23.98,56.26,157.81,199.9,36.29,1.267
2026-09-28 02:00:00,19.04,36.08,115.51,143.97,21.99,1.246
2026-09-28 03:00:00,24.45,44.09,142.68,185.02,34.36,1.297
2026-09-28 04:00:00,25.04,42.89,142.87,184.93,36.17,1.294
2026-09-28 05:00:00,26.95,45.8,88.9,142.31,39.31,1.601
2026-09-28 06:00:00,23.18,37.63,210.49,256.27,40.72,1.218
2026-09-28 07:00:00,19.53,63.11,150.81,187.33,26.69,1.242
2026-09-28 08:00:00,21.41,51.61,219.77,264.66,38.66,1.204
2026-09-28 09:00:00,22.36,44.17,224.56,269.04,36.41,1.198
2026-09-28 10:00:00,25.75,46.91,116.04,168.37,38.08,1.451
2026-09-28 11:00:00,24.85,48.42,191.75,238.04,39.67,1.241
2026-09-28 12:00:00,22.27,53.02,160.29,208.99,34.05,1.304
2026-09-28 13:00:00,29.84,50.47,229.63,290.46,53.78,1.265
2026-09-28 14:00:00,25.27,62.58,116.68,161.76,32.66,1.386
2026-09-28 15:00:00,20.85,49.91,195.23,237.79,32.09,1.218
2026-09-28 16:00:00,19.22,64.76,183.32,227.49,30.33,1.241
2026-09-28 17:00:00,19.83,60.54,130.2,170.99,30.24,1.313
2026-09-28 18:00:00,20.95,41.26,103.22,138.21,24.65,1.339
2026-09-28 19:00:00,19.93,62.92,190.78,225.22,27.49,1.181
2026-09-28 20:00:00,20.24,38.49,205.56,246.12,33.9,1.197
2026-09-28 21:00:00,21.42,59.52,133.66,179.75,31.93,1.345
2026-09-28 22:00:00,20.08,46.42,189.62,233.59,35.69,1.232
2026-09-28 23:00:00,28.76,61.34,147.17,197.88,41.99,1.345
2026-09-29 00:00:00,18.96,61.04,201.25,245.56,31.72,1.22
2026-09-29 01:00:00,24.29,59.18,113.87,158.11,35.86,1.389
2026-09-29 02:00:00,22.92,58.7,231.34,283.01,37.15,1.223
2026-09-29 03:00:00,29.79,44.14,128.86,183.45,42.21,1.424
2026-09-29 04:00:00,19.34,37.43,142.52,182.3,28.8,1.279
2026-09-29 05:00:00,22.77,47.09,89.88,133.93,30.25,1.49
2026-09-29 06:00:00,29.63,40.21,98.96,143.8,39.35,1.453
2026-09-29 07:00:00,28.39,55.85,167.7,219.33,44.06,1.308
2026-09-29 08:00:00,27.8,45.38,125.49,169.91,34.77,1.354
2026-09-29 09:00:00,21.09,64.27,222.03,265.39,36.09,1.195
2026-09-29 10:00:00,20.05,54.23,82.5,120.52,25.58,1.461
2026-09-29 11:00:00,26.02,59.67,144.45,195.26,36.63,1.352
2026-09-29 12:00:00,29.15,38.98,137.35,189.42,42.83,1.379
2026-09-29 13:00:00,24.68,60.86,83.29,124.29,32.58,1.492
2026-09-29 14:00:00,24.86,62.68,101.14,148.45,32.7,1.468
2026-09-29 15:00:00,21.36,49.61,150.32,192.17,32.41,1.278
2026-09-29 16:00:00,27.23,53.19,163.79,213.71,40.03,1.305
2026-09-29 17:00:00,20.24,57.94,148.73,187.1,29.85,1.258
2026-09-29 18:00:00,21.88,40.25,170.26,220.02,35.67,1.292
2026-09-29 19:00:00,23.11,50.08,181.17,229.33,37.47,1.266
2026-09-29 20:00:00,24.09,46.96,81.69,123.81,29.5,1.516
2026-09-29 21:00:00,20.91,39.39,158.9,204.54,32.52,1.287
2026-09-29 22:00:00,19.38,46.03,243.79,290.21,38.0,1.19
2026-09-29 23:00:00,25.33,37.05,168.24,212.92,35.35,1.266
2026-09-30 00:00:00,21.46,35.77,195.18,246.79,38.13,1.264
2026-09-30 01:00:00,24.97,39.05,133.02,177.08,35.43,1.331
2026-09-30 02:00:00,19.85,63.89,211.58,260.07,35.56,1.229
2026-09-30 03:00:00,23.77,51.49,211.4,268.77,42.97,1.271
2026-09-30 04:00:00,24.39,63.97,168.62,215.19,35.33,1.276
2026-09-30 05:00:00,18.62,47.97,245.92,292.53,34.19,1.19
2026-09-30 06:00:00,22.04,44.35,101.34,142.98,28.59,1.411
2026-09-30 07:00:00,19.61,50.18,82.88,118.81,22.48,1.434
2026-09-30 08:00:00,18.76,48.19,210.93,256.36,36.48,1.215
2026-09-30 09:00:00,29.88,38.17,217.22,271.21,48.48,1.249
2026-09-30 10:00:00,21.87,54.22,100.44,137.18,27.73,1.366
2026-09-30 11:00:00,27.72,41.48,125.15,176.89,40.0,1.413
2026-09-30 12:00:00,21.06,53.59,82.98,116.31,23.82,1.402
2026-09-30 13:00:00,26.18,54.51,129.86,179.22,36.86,1.38
2026-09-30 14:00:00,27.12,39.56,211.43,266.24,46.23,1.259
2026-09-30 15:00:00,25.15,36.84,168.05,217.9,38.5,1.297
2026-09-30 16:00:00,23.66,58.42,139.18,180.48,34.44,1.297
2026-09-30 17:00:00,22.94,48.79,143.2,188.5,32.81,1.316
2026-09-30 18:00:00,22.19,36.74,80.23,115.36,24.67,1.438
2026-09-30 19:00:00,29.15,64.85,130.97,180.86,42.85,1.381
2026-09-30 20:00:00,27.97,36.73,189.9,246.47,48.65,1.298
2026-09-30 21:00:00,29.58,55.85,245.61,310.16,52.06,1.263
2026-09-30 22:00:00,19.49,64.51,224.0,269.43,35.61,1.203
2026-09-30 23:00:00,26.77,42.18,84.01,127.43,36.26,1.517
2026-10-01 00:00:00,29.26,39.27,232.76,295.4,47.97,1.269
2026-10-01 01:00:00,20.17,38.64,213.14,264.01,38.72,1.239
2026-10-01 02:00:00,18.8,44.1,212.66,260.85,33.61,1.227
2026-10-01 03:00:00,26.89,38.03,157.86,211.36,44.23,1.339
2026-10-01 04:00:00,24.89,55.76,147.66,193.1,35.69,1.308
2026-10-01 05:00:00,28.1,36.87,131.5,189.78,44.31,1.443
2026-10-01 06:00:00,19.68,50.28,91.17,127.78,26.36,1.402
2026-10-01 07:00:00,27.54,64.9,118.8,170.8,39.92,1.438
2026-10-01 08:00:00,20.42,59.42,121.92,158.3,28.85,1.298
2026-10-01 09:00:00,19.96,53.46,162.29,202.19,30.43,1.246
2026-10-01 10:00:00,19.97,44.19,207.07,250.22,36.92,1.208
2026-10-01 11:00:00,27.77,53.72,160.55,210.39,42.79,1.31
2026-10-01 12:00:00,25.98,50.81,89.83,125.07,30.23,1.392
2026-10-01 13:00:00,24.28,47.78,242.82,289.82,41.61,1.194
2026-10-01 14:00:00,22.31,38.92,240.26,295.34,40.31,1.229
2026-10-01 15:00:00,28.53,61.6,213.48,269.39,48.49,1.262
2026-10-01 16:00:00,22.71,48.49,248.53,301.99,41.83,1.215
2026-10-01 17:00:00,27.8,40.84,172.56,231.89,45.94,1.344
2026-10-01 18:00:00,23.27,46.03,243.67,292.67,38.5,1.201
2026-10-01 19:00:00,22.52,47.42,92.85,128.88,29.5,1.388
2026-10-01 20:00:00,23.55,59.83,142.17,185.51,31.07,1.305
2026-10-01 21:00:00,21.62,57.01,118.31,160.73,31.41,1.358
2026-10-01 22:00:00,26.97,58.08,113.29,162.94,37.33,1.438
2026-10-01 23:00:00,24.03,35.33,103.94,149.84,33.2,1.442
2026-10-02 00:00:00,20.79,47.48,185.81,232.88,32.32,1.253
2026-10-02 01:00:00,28.79,49.44,212.82,274.34,50.78,1.289
2026-10-02 02:00:00,22.61,35.58,178.31,224.99,38.26,1.262
2026-10-02 03:00:00,24.52,42.79,104.98,150.82,34.35,1.437
2026-10-02 04:00:00,28.88,57.81,217.89,272.06,48.49,1.249
2026-10-02 05:00:00,25.49,39.11,188.11,244.53,42.44,1.3
2026-10-02 06:00:00,19.4,51.06,145.99,179.55,27.37,1.23
2026-10-02 07:00:00,29.28,41.46,194.6,252.08,49.2,1.295
2026-10-02 08:00:00,25.53,35.36,124.18,176.87,39.53,1.424
2026-10-02 09:00:00,22.02,42.24,138.68,183.92,34.26,1.326
2026-10-02 10:00:00,19.67,64.28,235.97,279.83,34.93,1.186
2026-10-02 11:00:00,27.53,59.05,129.39,179.49,40.37,1.387
2026-10-02 12:00:00,25.44,63.79,159.9,209.81,36.37,1.312
2026-10-02 13:00:00,24.4,49.64,231.32,283.98,44.25,1.228
2026-10-02 14:00:00,28.73,38.29,200.31,262.03,48.02,1.308
2026-10-02 15:00:00,27.46,51.44,90.57,129.16,32.7,1.426
2026-10-02 16:00:00,19.82,48.63,105.04,141.62,23.81,1.348
2026-10-02 17:00:00,21.74,60.33,81.33,121.36,26.55,1.492
2026-10-02 18:00:00,20.98,37.94,187.26,227.93,33.85,1.217
2026-10-02 19:00:00,26.93,49.65,156.1,203.87,38.46,1.306
2026-10-02 20:00:00,18.4,39.5,102.83,134.09,24.61,1.304
2026-10-02 21:00:00,24.84,44.74,242.85,300.1,45.19,1.236
2026-10-02 22:00:00,27.15,57.12,170.04,222.33,41.94,1.308
2026-10-02 23:00:00,28.52,49.28,121.12,171.44,38.96,1.415
2026-10-03 00:00:00,22.1,46.28,165.1,208.53,36.46,1.263
2026-10-03 01:00:00,27.86,46.83,195.54,251.39,48.74,1.286
2026-10-03 02:00:00,19.33,48.78,92.96,121.84,23.46,1.311
2026-10-03 03:00:00,28.16,58.55,126.7,174.07,39.15,1.374
2026-10-03 04:00:00,19.53,61.76,217.18,263.43,35.65,1.213
2026-10-03 05:00:00,22.77,63.66,158.14,205.81,34.09,1.301
2026-10-03 06:00:00,27.57,58.61,172.92,227.49,42.91,1.316
2026-10-03 07:00:00,19.8,44.46,153.58,194.4,31.46,1.266
2026-10-03 08:00:00,20.75,55.64,87.46,124.3,22.3,1.421
2026-10-03 09:00:00,26.67,48.13,108.18,159.66,39.29,1.476
2026-10-03 10:00:00,26.64,42.64,155.74,210.61,40.57,1.352
2026-10-03 11:00:00,25.69,60.23,115.56,160.8,34.96,1.391
2026-10-03 12:00:00,26.33,36.15,88.5,130.48,34.39,1.474
2026-10-03 13:00:00,24.51,62.05,223.42,271.52,42.57,1.215
2026-10-03 14:00:00,21.02,48.84,246.8,294.88,35.81,1.195
2026-10-03 15:00:00,22.15,54.12,214.83,262.45,41.4,1.222
2026-10-03 16:00:00,20.18,54.78,225.14,269.53,36.36,1.197
2026-10-03 17:00:00,28.9,61.85,121.14,173.39,41.93,1.431
2026-10-03 18:00:00,25.0,54.1,243.31,300.82,46.87,1.236
2026-10-03 19:00:00,22.81,53.42,113.48,153.73,29.25,1.355
2026-10-03 20:00:00,23.54,37.0,241.74,292.01,43.6,1.208
2026-10-03 21:00:00,29.37,50.55,249.12,309.36,51.45,1.242
2026-10-03 22:00:00,19.84,39.51,200.99,247.7,35.53,1.232
2026-10-03 23:00:00,25.03,57.12,246.79,302.53,41.04,1.226
2026-10-04 00:00:00,24.07,50.37,176.82,227.15,38.05,1.285
2026-10-04 01:00:00,25.34,55.41,124.12,173.08,34.73,1.394
2026-10-04 02:00:00,18.22,36.25,154.29,195.45,28.53,1.267
2026-10-04 03:00:00,28.47,37.54,180.91,237.93,46.11,1.315
2026-10-04 04:00:00,29.19,56.49,92.42,137.1,37.76,1.483
2026-10-04 05:00:00,24.78,37.16,185.8,236.08,38.61,1.271
2026-10-04 06:00:00,26.36,37.14,246.8,305.1,47.06,1.236
2026-10-04 07:00:00,29.07,35.36,112.32,162.14,38.8,1.444
2026-10-04 08:00:00,26.49,63.7,214.74,271.23,46.59,1.263
2026-10-04 09:00:00,19.83,57.13,234.34,280.38,35.75,1.196
2026-10-04 10:00:00,24.92,45.6,240.43,287.57,38.79,1.196
2026-10-04 11:00:00,25.28,43.9,243.22,298.05,44.63,1.225
2026-10-04 12:00:00,23.09,45.49,168.65,209.67,34.05,1.243
2026-10-04 13:00:00,26.84,58.24,246.14,303.88,44.68,1.235
2026-10-04 14:00:00,29.21,54.84,208.74,261.64,46.04,1.253
2026-10-04 15:00:00,29.11,40.56,107.48,153.81,40.48,1.431
2026-10-04 16:00:00,23.41,40.22,161.07,209.09,38.66,1.298
2026-10-04 17:00:00,19.36,37.95,202.12,247.53,33.83,1.225
2026-10-04 18:00:00,29.82,54.81,122.05,172.7,41.28,1.415
2026-10-04 19:00:00,28.07,57.93,188.9,242.8,46.12,1.285
2026-10-04 20:00:00,19.5,42.95,193.32,235.7,31.79,1.219
2026-10-04 21:00:00,29.05,35.63,107.66,154.93,38.8,1.439
2026-10-04 22:00:00,28.44,37.47,176.06,232.83,42.43,1.322
2026-10-04 23:00:00,24.23,64.04,211.18,263.13,37.73,1.246
2026-10-05 00:00:00,25.1,43.86,164.81,212.88,38.05,1.292
2026-10-05 01:00:00,22.79,58.08,82.06,119.4,29.06,1.455
2026-10-05 02:00:00,18.66,53.74,81.54,116.22,22.32,1.425
2026-10-05 03:00:00,22.02,46.46,140.69,177.52,31.46,1.262
2026-10-05 04:00:00,27.63,41.17,237.45,293.76,46.56,1.237
2026-10-05 05:00:00,18.06,38.64,118.88,153.05,25.81,1.287
2026-10-05 06:00:00,22.0,53.45,187.84,235.44,33.4,1.253
2026-10-05 07:00:00,22.78,58.24,117.75,156.01,33.14,1.325
2026-10-05 08:00:00,24.45,54.32,134.68,178.66,33.44,1.326
2026-10-05 09:00:00,29.04,50.91,224.17,284.56,47.99,1.269
2026-10-05 10:00:00,22.16,36.26,203.91,248.37,34.61,1.218
2026-10-05 11:00:00,22.16,64.05,96.22,130.01,27.94,1.351
2026-10-05 12:00:00,26.85,58.96,152.88,210.06,42.46,1.374
2026-10-05 13:00:00,23.43,43.78,84.96,126.11,30.97,1.484
2026-10-05 14:00:00,20.7,64.4,161.75,206.83,33.94,1.279
2026-10-05 15:00:00,23.43,53.06,192.61,239.58,39.6,1.244
2026-10-05 16:00:00,19.69,52.47,100.15,133.32,23.34,1.331
2026-10-05 17:00:00,20.12,57.44,129.11,166.24,27.84,1.288
2026-10-05 18:00:00,23.98,59.35,147.63,187.6,34.22,1.271
2026-10-05 19:00:00,23.03,54.69,236.32,286.49,44.11,1.212
2026-10-05 20:00:00,28.98,38.84,248.85,311.21,48.98,1.251
2026-10-05 21:00:00,22.35,45.15,87.63,125.35,30.32,1.43
2026-10-05 22:00:00,24.97,62.84,209.37,260.31,43.99,1.243
2026-10-05 23:00:00,25.59,41.74,143.19,194.74,41.5,1.36
2026-10-06 00:00:00,18.16,46.17,146.72,185.56,26.15,1.265
2026-10-06 01:00:00,25.96,47.96,208.23,258.87,45.03,1.243
2026-10-06 02:00:00,20.14,48.18,236.13,288.56,41.66,1.222
2026-10-06 03:00:00,29.53,53.39,241.66,298.25,50.4,1.234
2026-10-06 04:00:00,19.78,63.29,178.11,212.33,28.85,1.192
2026-10-06 05:00:00,22.98,42.22,140.71,176.2,29.96,1.252
2026-10-06 06:00:00,19.02,38.65,213.88,262.3,35.07,1.226
2026-10-06 07:00:00,29.96,40.92,122.67,167.84,38.99,1.368
2026-10-06 08:00:00,24.03,61.61,175.89,218.71,37.37,1.243
2026-10-06 09:00:00,25.14,54.37,140.96,188.21,37.87,1.335
2026-10-06 10:00:00,18.8,43.58,191.63,236.98,31.91,1.237
2026-10-06 11:00:00,27.0,59.48,120.87,167.51,39.02,1.386
2026-10-06 12:00:00,20.52,60.84,112.57,150.02,28.23,1.333
2026-10-06 13:00:00,28.78,60.4,236.1,294.11,52.61,1.246
2026-10-06 14:00:00,20.46,62.57,97.31,131.37,24.57,1.35
2026-10-06 15:00:00,20.29,42.57,166.01,207.15,30.36,1.248
2026-10-06 16:00:00,18.44,57.65,117.54,151.77,23.52,1.291
2026-10-06 17:00:00,23.66,48.82,86.62,127.03,32.09,1.467
2026-10-06 18:00:00,24.78,60.26,86.12,128.14,33.86,1.488
2026-10-06 19:00:00,18.79,56.85,109.79,141.72,25.87,1.291
2026-10-06 20:00:00,27.31,58.29,227.35,285.53,49.51,1.256
2026-10-06 21:00:00,23.44,54.68,128.02,165.06,31.04,1.289
2026-10-06 22:00:00,24.29,40.32,241.58,301.34,47.1,1.247
2026-10-06 23:00:00,23.29,51.35,178.88,233.83,40.29,1.307
2026-10-07 00:00:00,22.81,64.54,154.22,204.95,36.02,1.329
2026-10-07 01:00:00,24.72,63.12,178.62,235.19,42.93,1.317
2026-10-07 02:00:00,19.86,36.3,167.84,206.75,27.91,1.232
2026-10-07 03:00:00,20.18,39.94,208.99,254.95,33.95,1.22
2026-10-07 04:00:00,28.34,38.95,128.02,175.16,39.28,1.368
2026-10-07 05:00:00,29.35,56.78,140.02,196.0,44.67,1.4
2026-10-07 06:00:00,22.48,59.53,232.0,279.73,38.18,1.206
2026-10-07 07:00:00,21.25,41.41,240.9,291.38,40.66,1.21
2026-10-07 08:00:00,25.73,50.18,231.73,292.18,47.87,1.261
2026-10-07 09:00:00,22.9,60.22,151.31,194.98,35.85,1.289
2026-10-07 10:00:00,18.3,56.98,212.66,253.88,33.04,1.194
2026-10-07 11:00:00,19.87,51.27,160.98,203.94,28.71,1.267
2026-10-07 12:00:00,26.59,52.71,164.58,209.5,39.36,1.273
2026-10-07 13:00:00,25.91,50.25,114.8,163.2,38.54,1.422
2026-10-07 14:00:00,18.33,43.93,180.49,226.11,31.49,1.253
2026-10-07 15:00:00,20.66,51.95,111.64,150.6,27.85,1.349
2026-10-07 16:00:00,20.77,55.67,136.37,176.06,29.23,1.291
2026-10-07 17:00:00,26.06,61.2,225.36,273.92,41.07,1.216
2026-10-07 18:00:00,18.24,54.09,115.2,146.06,22.43,1.268
2026-10-07 19:00:00,19.25,57.83,92.1,133.68,28.06,1.452
2026-10-07 20:00:00,27.6,39.8,91.73,136.5,34.18,1.488
2026-10-07 21:00:00,20.14,48.85,239.93,287.87,37.79,1.2
2026-10-07 22:00:00,25.83,35.28,166.18,214.23,42.06,1.289
2026-10-07 23:00:00,20.86,42.4,149.6,183.51,28.75,1.227
2026-10-08 00:00:00,19.19,56.79,217.85,267.07,34.59,1.226
2026-10-08 01:00:00,20.92,64.75,222.09,269.88,39.02,1.215
2026-10-08 02:00:00,26.67,37.98,136.47,186.45,38.94,1.366
2026-10-08 03:00:00,28.27,47.04,197.92,255.68,51.97,1.292
2026-10-08 04:00:00,27.96,59.0,211.09,266.42,43.49,1.262
2026-10-08 05:00:00,22.77,41.12,191.29,245.19,39.57,1.282
2026-10-08 06:00:00,26.02,51.65,105.77,151.67,35.14,1.434
2026-10-08 07:00:00,20.46,56.99,228.9,273.71,38.55,1.196
2026-10-08 08:00:00,21.52,53.48,171.65,217.35,34.89,1.266
2026-10-08 09:00:00,28.76,40.64,128.02,180.59,39.91,1.411
2026-10-08 10:00:00,18.16,45.66,152.29,189.23,27.88,1.243
2026-10-08 11:00:00,19.03,58.51,86.39,119.92,19.73,1.388
2026-10-08 12:00:00,20.49,51.63,101.74,141.31,28.09,1.389
2026-10-08 13:00:00,18.32,35.16,210.14,257.02,32.89,1.223
2026-10-08 14:00:00,20.18,57.83,80.0,117.18,25.94,1.465
2026-10-08 15:00:00,25.0,36.06,150.82,196.81,39.68,1.305
2026-10-08 16:00:00,23.06,57.37,168.83,213.75,36.83,1.266
2026-10-08 17:00:00,28.71,41.07,89.29,134.81,38.51,1.51
2026-10-08 18:00:00,27.81,63.74,245.42,307.1,47.59,1.251
2026-10-08 19:00:00,22.1,46.04,118.44,160.25,29.2,1.353
2026-10-08 20:00:00,21.11,44.81,131.71,176.06,32.58,1.337
2026-10-08 21:00:00,22.56,39.47,131.67,174.92,35.24,1.328
2026-10-08 22:00:00,25.08,44.17,119.17,160.69,34.68,1.348
2026-10-08 23:00:00,21.22,61.3,80.25,119.15,26.34,1.485
2026-10-09 00:00:00,25.49,64.89,203.99,254.47,40.74,1.247
2026-10-09 01:00:00,22.91,46.05,244.36,295.89,44.26,1.211
2026-10-09 02:00:00,24.62,48.46,118.13,165.01,35.72,1.397
2026-10-09 03:00:00,23.23,56.66,192.72,240.27,42.15,1.247
2026-10-09 04:00:00,21.53,61.59,206.12,249.42,35.03,1.21
2026-10-09 05:00:00,29.38,52.79,224.23,283.17,49.25,1.263
2026-10-09 06:00:00,27.16,46.75,151.85,199.68,41.36,1.315
2026-10-09 07:00:00,19.68,47.38,131.5,175.68,29.33,1.336
2026-10-09 08:00:00,28.42,55.87,135.3,183.42,41.03,1.356
2026-10-09 09:00:00,23.85,35.1,201.15,245.57,38.12,1.221
2026-10-09 10:00:00,28.73,53.59,218.85,276.26,50.37,1.262
2026-10-09 11:00:00,27.6,45.66,110.87,163.27,39.71,1.473
2026-10-09 12:00:00,23.1,58.83,143.06,184.58,32.27,1.29
2026-10-09 13:00:00,18.27,37.79,233.33,280.77,36.78,1.203
2026-10-09 14:00:00,21.22,52.65,217.14,261.9,39.55,1.206
2026-10-09 15:00:00,24.5,49.43,247.43,297.58,44.81,1.203
2026-10-09 16:00:00,25.6,54.27,208.22,260.9,43.22,1.253
2026-10-09 17:00:00,21.09,36.95,146.84,192.51,32.5,1.311
2026-10-09 18:00:00,19.67,52.4,180.41,224.48,30.22,1.244
2026-10-09 19:00:00,28.02,51.84,192.37,243.72,45.48,1.267
2026-10-09 20:00:00,29.81,51.82,93.34,139.6,35.88,1.496
2026-10-09 21:00:00,24.31,53.1,172.56,226.72,40.02,1.314
2026-10-09 22:00:00,20.06,55.29,200.58,240.48,31.01,1.199
2026-10-09 23:00:00,21.27,59.15,108.44,153.32,31.58,1.414
2026-10-10 00:00:00,18.22,43.09,212.71,250.73,31.69,1.179
2026-10-10 01:00:00,28.97,59.75,179.24,238.97,45.37,1.333
2026-10-10 02:00:00,19.41,49.95,241.88,289.61,35.21,1.197
2026-10-10 03:00:00,24.92,37.31,87.21,133.4,31.78,1.53
2026-10-10 04:00:00,21.29,36.76,125.11,169.65,32.78,1.356
2026-10-10 05:00:00,24.65,45.03,182.26,225.48,34.58,1.237
2026-10-10 06:00:00,25.82,58.55,130.42,184.51,39.71,1.415
2026-10-10 07:00:00,27.96,56.23,201.45,255.94,46.73,1.27
2026-10-10 08:00:00,20.48,58.66,209.03,250.38,33.02,1.198
2026-10-10 09:00:00,18.13,50.52,97.43,130.28,20.84,1.337
2026-10-10 10:00:00,19.64,48.21,167.36,214.21,34.21,1.28
2026-10-10 11:00:00,28.8,39.42,166.51,223.44,42.63,1.342
2026-10-10 12:00:00,28.49,44.85,142.78,189.67,39.85,1.328
2026-10-10 13:00:00,25.17,48.02,238.6,298.69,47.12,1.252
2026-10-10 14:00:00,25.21,37.66,220.68,277.2,44.14,1.256
2026-10-10 15:00:00,25.98,41.62,198.53,245.14,40.98,1.235
2026-10-10 16:00:00,20.1,52.95,201.44,245.01,34.7,1.216
2026-10-10 17:00:00,28.97,57.07,158.49,208.41,42.09,1.315
2026-10-10 18:00:00,23.03,64.95,236.57,288.28,43.67,1.219
2026-10-10 19:00:00,22.6,62.99,198.08,252.78,39.87,1.276
2026-10-10 20:00:00,24.23,54.28,203.93,257.07,41.72,1.261
2026-10-10 21:00:00,18.56,47.64,226.49,273.35,34.69,1.207
2026-10-10 22:00:00,20.0,54.09,126.59,173.0,31.64,1.367
2026-10-10 23:00:00,26.86,58.57,217.2,271.63,45.66,1.251
2026-10-11 00:00:00,18.99,38.55,113.19,149.39,23.18,1.32
2026-10-11 01:00:00,25.24,47.3,138.71,185.91,37.85,1.34
2026-10-11 02:00:00,20.94,60.19,137.05,185.3,34.55,1.352
2026-10-11 03:00:00,22.67,46.51,246.35,292.84,39.69,1.189
2026-10-11 04:00:00,21.46,52.16,225.61,277.61,37.52,1.23
2026-10-11 05:00:00,22.27,52.63,199.2,244.56,38.17,1.228
2026-10-11 06:00:00,26.63,40.53,203.6,255.98,44.12,1.257
2026-10-11 07:00:00,21.57,45.87,175.55,220.54,32.43,1.256
2026-10-11 08:00:00,24.8,45.04,241.01,296.66,46.72,1.231
2026-10-11 09:00:00,23.71,35.79,164.36,216.8,41.36,1.319
2026-10-11 10:00:00,25.96,35.73,144.69,193.05,38.91,1.334
2026-10-11 11:00:00,29.24,59.95,107.72,158.81,38.67,1.474
2026-10-11 12:00:00,26.79,43.19,213.65,263.12,42.18,1.232
2026-10-11 13:00:00,20.58,50.54,204.86,246.21,35.77,1.202
2026-10-11 14:00:00,18.37,43.96,145.34,182.74,29.4,1.257
2026-10-11 15:00:00,21.15,63.22,84.28,121.44,27.41,1.441
2026-10-11 16:00:00,25.14,42.78,222.63,272.83,43.52,1.225
2026-10-11 17:00:00,18.62,47.89,81.94,111.79,21.3,1.364
2026-10-11 18:00:00,23.96,61.18,199.63,246.35,37.72,1.234
2026-10-11 19:00:00,25.16,60.26,244.94,297.53,47.01,1.215
2026-10-11 20:00:00,22.01,40.58,154.4,200.43,35.2,1.298
2026-10-11 21:00:00,27.25,59.08,119.95,169.17,35.38,1.41
2026-10-11 22:00:00,19.28,48.75,199.83,242.43,36.08,1.213
2026-10-11 23:00:00,18.9,49.49,218.91,264.9,35.01,1.21
2026-10-12 00:00:00,26.74,39.0,172.89,229.28,44.74,1.326
2026-10-12 01:00:00,23.95,37.42,244.4,294.38,40.79,1.205
2026-10-12 02:00:00,26.26,56.84,88.78,132.56,31.76,1.493
2026-10-12 03:00:00,23.22,49.89,165.82,210.72,35.79,1.271
2026-10-12 04:00:00,20.96,48.11,202.14,248.8,36.61,1.231
2026-10-12 05:00:00,27.83,56.89,226.65,283.19,51.47,1.249
2026-10-12 06:00:00,27.59,57.97,110.47,162.03,39.64,1.467
2026-10-12 07:00:00,26.34,39.77,216.0,271.91,44.3,1.259
2026-10-12 08:00:00,21.27,53.31,173.96,211.11,31.76,1.214
2026-10-12 09:00:00,25.08,39.06,147.41,195.97,39.88,1.329
2026-10-12 10:00:00,22.33,57.54,102.39,144.94,27.76,1.416
2026-10-12 11:00:00,19.1,54.71,227.1,274.38,38.07,1.208
2026-10-12 12:00:00,29.01,63.7,106.74,156.24,39.48,1.464
2026-10-12 13:00:00,19.64,37.07,132.66,178.02,31.26,1.342
2026-10-12 14:00:00,29.4,36.71,129.31,185.29,43.81,1.433
2026-10-12 15:00:00,23.35,43.47,228.14,279.97,41.01,1.227
