Timestamp,Temperature_C,Humidity_Percent,IT_Load_kW,Cooling_Power_kW,Total_Power_kW,PUE
2026-09-13 13:11:05,24.93,56.95,174.6,42.26,226.83,1.299
2026-09-13 13:12:05,26.94,57.93,139.74,44.6,198.68,1.422
2026-09-13 13:26:15,21.37,55.74,110.52,29.56,148.15,1.341
2026-09-13 13:26:45,22.74,40.79,216.24,41.71,263.64,1.219
2026-09-13 13:27:15,22.12,49.38,170.11,36.34,220.42,1.296
2026-09-13 13:27:45,24.51,44.11,166.49,35.84,213.71,1.284
2026-09-13 13:28:13,26.24,51.72,155.61,38.64,204.09,1.311
2026-09-13 13:28:45,25.58,56.44,162.62,38.88,208.29,1.281
2026-09-13 13:29:16,24.6,48.49,148.95,36.09,192.94,1.295
2026-09-13 13:29:46,22.35,55.32,211.28,40.7,263.15,1.245
2026-09-13 13:30:16,24.33,58.96,185.24,38.08,231.43,1.249
2026-09-13 13:30:46,22.02,41.49,168.24,37.95,219.51,1.305
2026-09-13 13:30:56,20.78,49.55,128.88,34.35,169.59,1.316
2026-09-13 13:31:28,25.2,59.75,196.68,39.1,247.97,1.261
2026-09-13 13:31:58,20.95,43.42,177.37,34.4,223.85,1.262
2026-09-13 13:32:28,21.59,41.81,105.51,28.17,148.4,1.406
2026-09-13 13:32:58,23.11,55.85,188.85,39.94,241.45,1.279
2026-09-13 13:33:28,26.7,52.38,169.32,44.64,219.99,1.299
2026-09-13 13:33:58,23.42,45.23,175.35,33.02,214.72,1.225
2026-09-13 13:34:02,22.48,43.38,132.32,29.18,172.46,1.303
2026-09-13 13:34:33,26.06,40.67,114.73,37.31,160.11,1.396
2026-09-13 13:35:04,24.46,50.92,156.88,35.54,200.56,1.278
2026-09-13 13:35:33,21.95,43.82,187.58,30.88,225.79,1.204
2026-09-13 13:35:35,20.87,44.28,142.38,29.79,181.53,1.275
2026-09-13 13:36:03,27.86,50.06,185.86,45.78,244.74,1.317
2026-09-13 13:36:34,26.37,45.79,215.47,42.43,270.31,1.255
2026-09-13 13:37:04,24.76,57.86,175.99,38.5,223.88,1.272
2026-09-13 13:37:34,23.29,59.76,114.82,30.78,152.17,1.325
2026-09-13 13:38:04,24.52,44.52,156.28,39.08,208.7,1.335
2026-09-13 13:51:59,26.87,49.3,136.84,42.47,186.46,1.363
2026-09-13 13:52:31,24.89,41.96,138.91,37.42,189.74,1.366
2026-09-13 13:53:01,27.47,53.67,123.58,41.13,177.84,1.439
2026-09-13 13:53:31,25.73,54.77,199.25,40.89,252.92,1.269
2026-09-13 13:54:01,23.6,57.75,120.51,32.68,167.45,1.39
2026-09-13 13:54:31,23.18,41.24,142.15,38.41,187.25,1.317
2026-09-13 13:55:01,25.5,57.6,168.09,36.6,209.76,1.248
2026-09-13 13:55:31,24.17,44.48,164.75,39.82,219.2,1.331
2026-09-13 13:56:05,26.59,59.7,119.55,36.4,165.56,1.385
2026-09-13 13:57:05,26.88,51.72,109.91,37.3,159.35,1.45
2026-09-13 13:57:27,22.47,57.82,190.97,35.37,239.6,1.255
2026-09-13 13:58:05,20.64,56.38,159.26,35.62,206.42,1.296
2026-09-13 13:58:34,21.61,51.07,109.37,24.55,141.91,1.298
2026-09-13 13:59:04,20.59,43.8,168.5,35.95,216.42,1.284
2026-09-13 13:59:35,25.32,54.42,123.73,33.9,171.22,1.384
2026-09-13 14:00:05,25.64,56.32,168.8,40.99,223.28,1.323
2026-09-13 14:00:30,21.7,50.21,113.65,25.06,149.27,1.313
2026-09-13 14:00:36,23.43,43.1,147.51,32.22,189.26,1.283
2026-09-13 14:00:41,22.6,43.04,105.36,30.8,148.91,1.413
2026-09-13 14:01:05,23.22,51.1,197.92,37.6,243.08,1.228
2026-09-13 14:01:34,23.18,57.8,158.51,36.66,205.2,1.295
2026-09-13 14:01:34,25.5,58.94,193.96,43.37,245.39,1.265
2026-09-13 14:01:41,24.19,54.52,122.8,30.1,166.55,1.356
2026-09-13 14:02:05,25.33,50.07,199.85,40.36,251.71,1.259
2026-09-13 14:02:35,24.81,45.47,148.26,35.38,193.3,1.304
2026-09-13 14:03:04,20.76,47.33,102.09,29.07,145.2,1.422
2026-09-13 14:03:18,27.68,50.4,114.32,40.68,165.94,1.452
2026-09-13 14:03:20,25.01,58.26,179.03,38.65,229.22,1.28
2026-09-13 14:03:21,20.16,40.5,140.7,29.06,175.45,1.247
2026-09-13 14:03:24,25.44,51.38,121.42,34.81,165.37,1.362
2026-09-13 14:03:35,22.19,55.2,180.75,31.73,219.87,1.216
2026-09-13 14:04:05,24.09,47.76,118.18,35.83,164.67,1.393
2026-09-13 14:05:05,20.5,58.83,132.92,29.63,169.55,1.276
2026-09-13 14:06:05,20.19,42.69,119.88,26.27,152.17,1.269
2026-09-13 14:07:05,27.99,58.51,116.3,37.68,161.28,1.387
2026-09-13 14:08:05,23.77,47.23,171.31,40.2,218.6,1.276
2026-09-13 14:09:05,27.92,46.48,127.62,40.28,177.68,1.392
2026-09-13 14:39:46,22.75,50.5,202.56,36.22,250.8,1.238
2026-09-13 14:40:18,23.9,59.91,171.71,34.41,215.5,1.255
2026-09-13 14:40:48,20.13,53.46,123.98,26.27,162.69,1.312
2026-09-13 14:41:18,26.21,50.82,158.56,39.25,207.66,1.31
2026-09-13 14:41:48,23.51,53.23,178.89,37.66,230.34,1.288
2026-09-13 14:42:18,26.95,53.49,114.06,36.56,158.25,1.387
2026-09-13 14:42:48,22.16,56.57,164.04,36.14,209.08,1.275
2026-09-13 14:43:18,27.35,43.17,174.97,40.96,225.46,1.289
2026-09-13 14:44:05,22.43,55.11,106.51,29.62,141.31,1.327
2026-09-13 14:45:05,23.14,56.97,200.02,39.35,252.16,1.261
2026-09-13 14:46:05,24.94,58.78,140.78,37.64,187.78,1.334
2026-09-13 14:47:05,25.71,46.37,210.28,44.04,260.67,1.24
2026-09-13 14:48:20,26.64,40.64,162.89,38.89,209.64,1.287
2026-09-13 14:48:52,27.49,48.6,179.3,43.7,234.27,1.307
2026-09-13 14:49:22,26.12,58.75,195.68,40.03,249.03,1.273
2026-09-13 14:49:52,27.84,45.11,110.49,40.49,156.05,1.412
2026-09-13 14:50:22,27.43,44.21,188.24,44.38,247.29,1.314
2026-09-13 14:50:52,27.08,47.43,168.54,40.71,223.85,1.328
2026-09-13 14:51:21,20.76,58.04,201.02,37.46,246.28,1.225
2026-09-13 14:51:52,21.34,53.36,207.07,34.5,253.35,1.223
2026-09-13 14:52:22,25.82,45.64,130.18,37.61,173.54,1.333
2026-09-13 14:53:05,21.55,43.18,121.95,29.84,162.51,1.333
2026-09-13 14:54:05,25.26,58.38,106.71,33.02,145.67,1.365
2026-09-13 14:54:22,21.95,40.38,149.23,31.71,187.44,1.256
2026-09-13 14:54:52,21.45,59.68,102.31,32.24,144.73,1.415
2026-09-13 14:55:53,20.04,51.77,178.61,32.37,217.03,1.215
2026-09-13 14:56:54,25.08,52.71,153.61,40.41,205.22,1.336
2026-09-13 14:57:55,27.46,56.99,165.8,42.35,220.81,1.332
2026-09-13 14:58:56,22.98,42.38,205.51,35.5,248.61,1.21
2026-09-13 14:59:57,24.73,46.35,134.72,34.66,183.28,1.36
2026-09-13 15:00:58,23.52,52.59,214.81,41.43,265.22,1.235
2026-09-13 15:01:59,23.56,50.91,186.76,38.47,238.34,1.276
2026-09-13 15:03:00,20.93,56.55,128.6,28.77,169.47,1.318
2026-09-13 15:04:00,27.72,45.8,208.09,46.81,263.86,1.268
